feature,importance
age,1.2841533995905032
avg_glucose_level,0.17509997877630878
hypertension,0.15542397078864162
heart_disease,0.13231695467733676
Residence_type,0.12717569038206256
smoking_status,0.10616130165750508
bmi,0.09523778180206682
ever_married,0.07021539384336717
work_type,0.05490654097814946
gender,0.03845977493264786
